,Training_Set,precision,recall,f1_macro,accuracy
0,dt,0.716611744952396,0.7317715487210112,0.7230835452521773,0.7770938667839086
1,knn,0.8275026414339391,0.8649752413655818,0.8423462773597299,0.8700813365574852
2,lr,0.7173138691479819,0.7686243405991838,0.7247102545905282,0.7557704990107716
3,rf,0.8158013469421339,0.8495517318602568,0.8293849625454659,0.8599692240052759
4,xgb,0.7581889897409668,0.7740764656116255,0.7652082597714323,0.81182677511541
